-- MySQL dump 10.13  Distrib 5.5.40, for debian-linux-gnu (i686)
--
-- Host: localhost    Database: radio_locucao
-- ------------------------------------------------------
-- Server version	5.5.40-0+wheezy1

/*!40101 SET @OLD_CHARACTER_SET_CLIENT=@@CHARACTER_SET_CLIENT */;
/*!40101 SET @OLD_CHARACTER_SET_RESULTS=@@CHARACTER_SET_RESULTS */;
/*!40101 SET @OLD_COLLATION_CONNECTION=@@COLLATION_CONNECTION */;
/*!40101 SET NAMES utf8 */;
/*!40103 SET @OLD_TIME_ZONE=@@TIME_ZONE */;
/*!40103 SET TIME_ZONE='+00:00' */;
/*!40014 SET @OLD_UNIQUE_CHECKS=@@UNIQUE_CHECKS, UNIQUE_CHECKS=0 */;
/*!40014 SET @OLD_FOREIGN_KEY_CHECKS=@@FOREIGN_KEY_CHECKS, FOREIGN_KEY_CHECKS=0 */;
/*!40101 SET @OLD_SQL_MODE=@@SQL_MODE, SQL_MODE='NO_AUTO_VALUE_ON_ZERO' */;
/*!40111 SET @OLD_SQL_NOTES=@@SQL_NOTES, SQL_NOTES=0 */;

--
-- Table structure for table `locucao`
--

DROP TABLE IF EXISTS `locucao`;
/*!40101 SET @saved_cs_client     = @@character_set_client */;
/*!40101 SET character_set_client = utf8 */;
CREATE TABLE `locucao` (
  `id` int(11) NOT NULL AUTO_INCREMENT,
  `titulo` varchar(300) NOT NULL,
  `sequencia` text NOT NULL,
  `tempo` int(11) NOT NULL DEFAULT '0',
  `repeticoes_hora` int(3) NOT NULL DEFAULT '1',
  `ativo` tinyint(1) NOT NULL DEFAULT '1',
  `dia_semana` set('1','2','3','4','5','6','7') NOT NULL DEFAULT '1,2,3,4,5,6,7',
  `data_inicio` date DEFAULT NULL,
  `data_fim` date DEFAULT NULL,
  `hora_inicio` int(6) NOT NULL DEFAULT '0',
  `hora_fim` int(6) NOT NULL DEFAULT '86399',
  `data_criacao` timestamp NOT NULL DEFAULT CURRENT_TIMESTAMP,
  `data_edicao` timestamp NULL DEFAULT NULL,
  `deletado` tinyint(1) NOT NULL DEFAULT '0',
  `tipo` varchar(20) DEFAULT NULL,
  PRIMARY KEY (`id`)
) ENGINE=InnoDB AUTO_INCREMENT=12 DEFAULT CHARSET=utf8;
/*!40101 SET character_set_client = @saved_cs_client */;

--
-- Dumping data for table `locucao`
--

LOCK TABLES `locucao` WRITE;
/*!40000 ALTER TABLE `locucao` DISABLE KEYS */;
INSERT INTO `locucao` VALUES (6,'teste 2','{\"zz_locucao_abertura\":{\"nome\":\"Boa Tarde\",\"arquivo\":\"Extra - locucao Boa Tarde.mp3\",\"genero\":\"zz_locucao_abertura\",\"tempo\":7},\"zz_locucao_produto-0\":{\"nome\":\"Chocolate Garoto\",\"arquivo\":\"Extra - locucao Chocolate Garoto.mp3\",\"genero\":\"zz_locucao_produto\",\"tempo\":3.32},\"preco-real-0\":{\"nome\":\"3 Reais\",\"arquivo\":\"Extra - locucao 3 Reais.mp3\",\"genero\":\"zz_locucao_preco\",\"tempo\":1.09},\"preco-centavos-0\":{\"nome\":\"80 Cent\",\"arquivo\":\"Extra - locucao 80 Cent.mp3\",\"genero\":\"zz_locucao_preco\",\"tempo\":1.77},\"zz_locucao_produto-1\":{\"nome\":\"Enchaguante Bucal\",\"arquivo\":\"Extra - locucao Enchaguante Bucal.mp3\",\"genero\":\"zz_locucao_produto\",\"tempo\":4.75},\"preco-real-1\":{\"nome\":\"2 Reais\",\"arquivo\":\"Extra - locucao 2 Reais.mp3\",\"genero\":\"zz_locucao_preco\",\"tempo\":1.25},\"preco-centavos-1\":{\"nome\":\"70 Cent\",\"arquivo\":\"Extra - locucao 70 Cent.mp3\",\"genero\":\"zz_locucao_preco\",\"tempo\":1.93},\"zz_locucao_fechamento\":{\"nome\":\"Ofertas Validas Para Hoje\",\"arquivo\":\"Extra - locucao Ofertas Validas Para Hoje.mp3\",\"genero\":\"zz_locucao_fechamento\",\"tempo\":2.77}}',26,20,0,'1,2,3,4,5,6,7','2014-12-13','2014-12-31',28800,72000,'2014-11-12 13:10:07','2014-12-10 19:28:59',0,'oferta'),(8,'teste','{\"zz_locucao_abertura\":{\"nome\":\"Boa Tarde\",\"arquivo\":\"Extra - locucao Boa Tarde.mp3\",\"genero\":\"zz_locucao_abertura\",\"tempo\":7},\"zz_locucao_produto-0\":{\"nome\":\"Omo Multiacao\",\"arquivo\":\"Extra - locucao Omo Multiacao.mp3\",\"genero\":\"zz_locucao_produto\",\"tempo\":2.35},\"preco-real-0\":{\"nome\":\"1 Real\",\"arquivo\":\"Extra - locucao 1 Real.mp3\",\"genero\":\"zz_locucao_preco\",\"tempo\":0.99},\"preco-centavos-0\":{\"nome\":\"90 Cent\",\"arquivo\":\"Extra - locucao 90 Cent.mp3\",\"genero\":\"zz_locucao_preco\",\"tempo\":1.67},\"zz_locucao_produto-1\":{\"nome\":\"Chocolate Garoto\",\"arquivo\":\"Extra - locucao Chocolate Garoto.mp3\",\"genero\":\"zz_locucao_produto\",\"tempo\":3.32},\"preco-real-1\":{\"nome\":\"1 Real\",\"arquivo\":\"Extra - locucao 1 Real.mp3\",\"genero\":\"zz_locucao_preco\",\"tempo\":0.99},\"preco-centavos-1\":{\"nome\":\"99 Cent\",\"arquivo\":\"Extra - locucao 99 Cent.mp3\",\"genero\":\"zz_locucao_preco\",\"tempo\":2.11},\"zz_locucao_produto-2\":{\"nome\":\"Enchaguante Bucal\",\"arquivo\":\"Extra - locucao Enchaguante Bucal.mp3\",\"genero\":\"zz_locucao_produto\",\"tempo\":4.75},\"preco-real-2\":{\"nome\":\"2 Reais\",\"arquivo\":\"Extra - locucao 2 Reais.mp3\",\"genero\":\"zz_locucao_preco\",\"tempo\":1.25},\"preco-centavos-2\":{\"nome\":\"89 Cent\",\"arquivo\":\"Extra - locucao 89 Cent.mp3\",\"genero\":\"zz_locucao_preco\",\"tempo\":2.09},\"zz_locucao_produto-3\":{\"nome\":\"Chocolate Garoto\",\"arquivo\":\"Extra - locucao Chocolate Garoto.mp3\",\"genero\":\"zz_locucao_produto\",\"tempo\":3.32},\"preco-real-3\":{\"nome\":\"3 Reais\",\"arquivo\":\"Extra - locucao 3 Reais.mp3\",\"genero\":\"zz_locucao_preco\",\"tempo\":1.09},\"preco-centavos-3\":{\"nome\":\"81 Cent\",\"arquivo\":\"Extra - locucao 81 Cent.mp3\",\"genero\":\"zz_locucao_preco\",\"tempo\":1.88},\"zz_locucao_produto-4\":{\"nome\":\"Omo Multiacao\",\"arquivo\":\"Extra - locucao Omo Multiacao.mp3\",\"genero\":\"zz_locucao_produto\",\"tempo\":2.35},\"preco-real-4\":{\"nome\":\"3 Reais\",\"arquivo\":\"Extra - locucao 3 Reais.mp3\",\"genero\":\"zz_locucao_preco\",\"tempo\":1.09},\"preco-centavos-4\":{\"nome\":\"99 Cent\",\"arquivo\":\"Extra - locucao 99 Cent.mp3\",\"genero\":\"zz_locucao_preco\",\"tempo\":2.11},\"zz_locucao_produto-5\":{\"nome\":\"Chocolate Garoto\",\"arquivo\":\"Extra - locucao Chocolate Garoto.mp3\",\"genero\":\"zz_locucao_produto\",\"tempo\":3.32},\"preco-real-5\":{\"nome\":\"2 Reais\",\"arquivo\":\"Extra - locucao 2 Reais.mp3\",\"genero\":\"zz_locucao_preco\",\"tempo\":1.25},\"preco-centavos-5\":{\"nome\":\"75 Cent\",\"arquivo\":\"Extra - locucao 75 Cent.mp3\",\"genero\":\"zz_locucao_preco\",\"tempo\":2.09},\"zz_locucao_fechamento\":{\"nome\":\"E o Mais Barato Sempre\",\"arquivo\":\"Extra - locucao E o Mais Barato Sempre.mp3\",\"genero\":\"zz_locucao_fechamento\",\"tempo\":3.89}}',51,20,1,'1,2,3,4,5,6,7','2014-11-18','2014-12-31',28800,72000,'2014-11-18 16:28:52','2014-12-02 12:28:06',0,'oferta'),(9,'teste3','{\"zz_locucao_abertura\":{\"nome\":\"Bom Dia\",\"arquivo\":\"Extra - locucao Bom Dia.mp3\",\"genero\":\"zz_locucao_abertura\",\"tempo\":5.95},\"zz_locucao_produto-0\":{\"nome\":\"Chocolate Garoto\",\"arquivo\":\"Extra - locucao Chocolate Garoto.mp3\",\"genero\":\"zz_locucao_produto\",\"tempo\":3.32},\"preco-real-0\":{\"nome\":\"1 Real\",\"arquivo\":\"Extra - locucao 1 Real.mp3\",\"genero\":\"zz_locucao_preco\",\"tempo\":0.99},\"preco-centavos-0\":{\"nome\":\"99 Cent\",\"arquivo\":\"Extra - locucao 99 Cent.mp3\",\"genero\":\"zz_locucao_preco\",\"tempo\":2.11},\"zz_locucao_produto-1\":{\"nome\":\"Enchaguante Bucal\",\"arquivo\":\"Extra - locucao Enchaguante Bucal.mp3\",\"genero\":\"zz_locucao_produto\",\"tempo\":4.75},\"preco-real-1\":{\"nome\":\"2 Reais\",\"arquivo\":\"Extra - locucao 2 Reais.mp3\",\"genero\":\"zz_locucao_preco\",\"tempo\":1.25},\"preco-centavos-1\":{\"nome\":\"85 Cent\",\"arquivo\":\"Extra - locucao 85 Cent.mp3\",\"genero\":\"zz_locucao_preco\",\"tempo\":2.09},\"zz_locucao_fechamento\":{\"nome\":\"Mais Barato Mesmo\",\"arquivo\":\"Extra - locucao Mais Barato Mesmo.mp3\",\"genero\":\"zz_locucao_fechamento\",\"tempo\":3.34}}',25,1,1,'1,2,3,4,5,6,7','2014-11-25','2014-11-25',0,86340,'2014-11-25 20:21:50','2014-11-28 12:33:28',0,'oferta'),(10,'teste','{\"zz_locucao_abertura\":{\"nome\":\"Bom Dia\",\"arquivo\":\"Extra - locucao Bom Dia.mp3\",\"genero\":\"zz_locucao_abertura\",\"tempo\":5.95},\"zz_locucao_produto-0\":{\"nome\":\"Chocolate Garoto\",\"arquivo\":\"Extra - locucao Chocolate Garoto.mp3\",\"genero\":\"zz_locucao_produto\",\"tempo\":3.32},\"preco-real-0\":{\"nome\":\"1 Real\",\"arquivo\":\"Extra - locucao 1 Real.mp3\",\"genero\":\"zz_locucao_preco\",\"tempo\":0.99},\"preco-centavos-0\":{\"nome\":\"70 Cent\",\"arquivo\":\"Extra - locucao 70 Cent.mp3\",\"genero\":\"zz_locucao_preco\",\"tempo\":1.93},\"zz_locucao_produto-1\":{\"nome\":\"Enchaguante Bucal\",\"arquivo\":\"Extra - locucao Enchaguante Bucal.mp3\",\"genero\":\"zz_locucao_produto\",\"tempo\":4.75},\"preco-real-1\":{\"nome\":\"1 Real\",\"arquivo\":\"Extra - locucao 1 Real.mp3\",\"genero\":\"zz_locucao_preco\",\"tempo\":0.99},\"preco-centavos-1\":{\"nome\":\"70 Cent\",\"arquivo\":\"Extra - locucao 70 Cent.mp3\",\"genero\":\"zz_locucao_preco\",\"tempo\":1.93},\"zz_locucao_fechamento\":{\"nome\":\"Ofertas Validas Para Hoje\",\"arquivo\":\"Extra - locucao Ofertas Validas Para Hoje.mp3\",\"genero\":\"zz_locucao_fechamento\",\"tempo\":2.77}}',25,20,1,'1,2,3,4,5,6,7','2014-11-28','2014-12-31',28800,72000,'2014-11-28 13:36:25','2014-12-02 10:17:31',0,'oferta'),(11,'teste4','{\"zz_locucao_abertura\":{\"nome\":\"Bom Dia\",\"arquivo\":\"Extra - locucao Bom Dia.mp3\",\"genero\":\"zz_locucao_abertura\",\"tempo\":5.95},\"zz_locucao_produto-0\":{\"nome\":\"Enchaguante Bucal\",\"arquivo\":\"Extra - locucao Enchaguante Bucal.mp3\",\"genero\":\"zz_locucao_produto\",\"tempo\":4.75},\"preco-real-0\":{\"nome\":\"2 Reais\",\"arquivo\":\"Extra - locucao 2 Reais.mp3\",\"genero\":\"zz_locucao_preco\",\"tempo\":1.25},\"preco-centavos-0\":{\"nome\":\"85 Cent\",\"arquivo\":\"Extra - locucao 85 Cent.mp3\",\"genero\":\"zz_locucao_preco\",\"tempo\":2.09},\"zz_locucao_fechamento\":{\"nome\":\"Mais Barato Mesmo\",\"arquivo\":\"Extra - locucao Mais Barato Mesmo.mp3\",\"genero\":\"zz_locucao_fechamento\",\"tempo\":3.34}}',20,1,1,'1,2,3,4,5,6,7','2014-12-02','2014-12-02',72000,82800,'2014-12-02 12:50:17','2014-12-02 12:50:17',1,'oferta');
/*!40000 ALTER TABLE `locucao` ENABLE KEYS */;
UNLOCK TABLES;

--
-- Table structure for table `log`
--

DROP TABLE IF EXISTS `log`;
/*!40101 SET @saved_cs_client     = @@character_set_client */;
/*!40101 SET character_set_client = utf8 */;
CREATE TABLE `log` (
  `id` int(11) NOT NULL AUTO_INCREMENT,
  `usuario_id` int(11) NOT NULL,
  `tabela` varchar(100) NOT NULL,
  `operacao` varchar(1) NOT NULL COMMENT 'crud',
  `tabela_id` int(11) NOT NULL COMMENT 'id da linha na tabela',
  `query` text,
  `data` timestamp NOT NULL DEFAULT CURRENT_TIMESTAMP,
  PRIMARY KEY (`id`)
) ENGINE=InnoDB AUTO_INCREMENT=78 DEFAULT CHARSET=utf8;
/*!40101 SET character_set_client = @saved_cs_client */;

--
-- Dumping data for table `log`
--

LOCK TABLES `log` WRITE;
/*!40000 ALTER TABLE `log` DISABLE KEYS */;
INSERT INTO `log` VALUES (1,1,'locucao','d',9,NULL,'2014-11-28 12:21:55'),(2,1,'locucao','d',9,NULL,'2014-11-28 12:31:28'),(3,1,'locucao','u',9,NULL,'2014-11-28 12:33:28'),(4,1,'usuarios','u',2,NULL,'2014-11-28 12:44:01'),(5,1,'locucao','c',10,NULL,'2014-11-28 13:36:25'),(6,1,'locucao','u',10,NULL,'2014-11-28 13:50:12'),(7,1,'locucao','u',10,NULL,'2014-11-28 13:56:41'),(8,1,'locucao','u',6,NULL,'2014-11-28 14:02:16'),(9,1,'locucao','u',10,NULL,'2014-11-28 14:02:35'),(10,1,'locucao','u',10,NULL,'2014-11-28 14:02:55'),(11,1,'locucao','u',8,NULL,'2014-11-28 14:03:06'),(12,1,'locucao','u',8,NULL,'2014-11-28 14:05:00'),(13,1,'locucao','u',6,NULL,'2014-11-28 14:12:09'),(14,1,'locucao','u',10,NULL,'2014-11-28 14:18:24'),(15,1,'locucao','u',10,NULL,'2014-11-28 19:26:37'),(16,1,'locucao','u',6,NULL,'2014-11-28 19:26:54'),(17,1,'locucao','u',8,NULL,'2014-11-28 19:27:20'),(18,1,'locucao','u',8,NULL,'2014-11-28 19:28:19'),(19,1,'locucao','u',8,NULL,'2014-12-01 10:11:57'),(20,1,'locucao','u',8,NULL,'2014-12-01 10:12:36'),(21,1,'locucao','u',6,NULL,'2014-12-01 11:33:19'),(22,1,'locucao','u',10,NULL,'2014-12-01 11:33:35'),(23,1,'locucao','u',6,NULL,'2014-12-01 11:33:42'),(24,1,'locucao','u',8,NULL,'2014-12-01 11:34:23'),(25,1,'locucao','u',6,NULL,'2014-12-01 11:34:35'),(26,1,'locucao','u',10,NULL,'2014-12-01 11:34:43'),(27,1,'locucao','u',10,NULL,'2014-12-01 11:35:18'),(28,1,'locucao','u',6,NULL,'2014-12-01 11:35:26'),(29,1,'locucao','u',10,NULL,'2014-12-01 11:36:45'),(30,1,'locucao','u',10,NULL,'2014-12-01 11:38:16'),(31,1,'locucao','u',6,NULL,'2014-12-01 11:38:22'),(32,1,'locucao','u',6,NULL,'2014-12-01 11:38:38'),(33,1,'locucao','u',10,NULL,'2014-12-01 11:39:03'),(34,1,'locucao','u',8,NULL,'2014-12-01 12:02:07'),(35,1,'locucao','u',10,NULL,'2014-12-01 12:21:22'),(36,1,'locucao','u',8,NULL,'2014-12-01 12:27:21'),(37,1,'locucao','u',10,NULL,'2014-12-01 12:32:56'),(38,1,'locucao','u',6,NULL,'2014-12-01 13:47:27'),(39,1,'locucao','u',8,NULL,'2014-12-01 13:47:44'),(40,1,'locucao','u',10,NULL,'2014-12-01 13:47:57'),(41,1,'locucao','u',6,NULL,'2014-12-01 14:21:23'),(42,1,'locucao','u',8,NULL,'2014-12-01 14:21:38'),(43,1,'locucao','u',8,NULL,'2014-12-01 14:23:40'),(44,1,'locucao','u',10,NULL,'2014-12-01 14:26:56'),(45,1,'locucao','u',10,NULL,'2014-12-01 14:27:11'),(46,1,'locucao','u',6,NULL,'2014-12-01 14:27:40'),(47,1,'locucao','u',8,NULL,'2014-12-01 14:27:47'),(48,1,'locucao','u',10,NULL,'2014-12-01 14:27:53'),(49,1,'locucao','u',6,NULL,'2014-12-01 17:31:49'),(50,1,'locucao','u',8,NULL,'2014-12-01 17:32:09'),(51,1,'locucao','u',10,NULL,'2014-12-01 17:32:26'),(52,1,'locucao','u',10,NULL,'2014-12-01 17:56:36'),(53,1,'locucao','u',8,NULL,'2014-12-01 17:56:56'),(54,1,'locucao','u',8,NULL,'2014-12-01 18:04:59'),(55,1,'locucao','u',8,NULL,'2014-12-01 18:07:23'),(56,1,'locucao','u',8,NULL,'2014-12-01 18:10:45'),(57,1,'locucao','u',6,NULL,'2014-12-01 18:25:32'),(58,1,'locucao','u',10,NULL,'2014-12-01 18:25:45'),(59,1,'locucao','u',8,NULL,'2014-12-01 18:25:57'),(60,1,'locucao','u',6,NULL,'2014-12-02 10:16:52'),(61,1,'locucao','u',10,NULL,'2014-12-02 10:16:59'),(62,1,'locucao','u',8,NULL,'2014-12-02 10:17:06'),(63,1,'locucao','u',6,NULL,'2014-12-02 10:17:27'),(64,1,'locucao','u',10,NULL,'2014-12-02 10:17:31'),(65,1,'locucao','u',8,NULL,'2014-12-02 10:17:37'),(66,1,'locucao','u',8,'','2014-12-02 12:19:41'),(67,1,'locucao','u',8,'UPDATE locucao SET titulo=\"teste\", sequencia=\"{\"zz_locucao_abertura\":{\"nome\":\"Boa Tarde\",\"arquivo\":\"Extra - locucao Boa Tarde.mp3\",\"genero\":\"zz_locucao_abertura\",\"tempo\":7},\"zz_locucao_produto-0\":{\"nome\":\"Omo Multiacao\",\"arquivo\":\"Extra - locucao Omo Multiacao.mp3\",\"genero\":\"zz_locucao_produto\",\"tempo\":2.35},\"preco-real-0\":{\"nome\":\"1 Real\",\"arquivo\":\"Extra - locucao 1 Real.mp3\",\"genero\":\"zz_locucao_preco\",\"tempo\":0.99},\"preco-centavos-0\":{\"nome\":\"90 Cent\",\"arquivo\":\"Extra - locucao 90 Cent.mp3\",\"genero\":\"zz_locucao_preco\",\"tempo\":1.67},\"zz_locucao_produto-1\":{\"nome\":\"Chocolate Garoto\",\"arquivo\":\"Extra - locucao Chocolate Garoto.mp3\",\"genero\":\"zz_locucao_produto\",\"tempo\":3.32},\"preco-real-1\":{\"nome\":\"1 Real\",\"arquivo\":\"Extra - locucao 1 Real.mp3\",\"genero\":\"zz_locucao_preco\",\"tempo\":0.99},\"preco-centavos-1\":{\"nome\":\"99 Cent\",\"arquivo\":\"Extra - locucao 99 Cent.mp3\",\"genero\":\"zz_locucao_preco\",\"tempo\":2.11},\"zz_locucao_produto-2\":{\"nome\":\"Enchaguante Bucal\",\"arquivo\":\"Extra - locucao Enchaguante Bucal.mp3\",\"genero\":\"zz_locucao_produto\",\"tempo\":4.75},\"preco-real-2\":{\"nome\":\"2 Reais\",\"arquivo\":\"Extra - locucao 2 Reais.mp3\",\"genero\":\"zz_locucao_preco\",\"tempo\":1.25},\"preco-centavos-2\":{\"nome\":\"89 Cent\",\"arquivo\":\"Extra - locucao 89 Cent.mp3\",\"genero\":\"zz_locucao_preco\",\"tempo\":2.09},\"zz_locucao_produto-3\":{\"nome\":\"Chocolate Garoto\",\"arquivo\":\"Extra - locucao Chocolate Garoto.mp3\",\"genero\":\"zz_locucao_produto\",\"tempo\":3.32},\"preco-real-3\":{\"nome\":\"3 Reais\",\"arquivo\":\"Extra - locucao 3 Reais.mp3\",\"genero\":\"zz_locucao_preco\",\"tempo\":1.09},\"preco-centavos-3\":{\"nome\":\"81 Cent\",\"arquivo\":\"Extra - locucao 81 Cent.mp3\",\"genero\":\"zz_locucao_preco\",\"tempo\":1.88},\"zz_locucao_produto-4\":{\"nome\":\"Omo Multiacao\",\"arquivo\":\"Extra - locucao Omo Multiacao.mp3\",\"genero\":\"zz_locucao_produto\",\"tempo\":2.35},\"preco-real-4\":{\"nome\":\"3 Reais\",\"arquivo\":\"Extra - locucao 3 Reais.mp3\",\"genero\":\"zz_locucao_preco\",\"tempo\":1.09},\"preco-centavos-4\":{\"nome\":\"99 Cent\",\"arquivo\":\"Extra - locucao 99 Cent.mp3\",\"genero\":\"zz_locucao_preco\",\"tempo\":2.11},\"zz_locucao_produto-5\":{\"nome\":\"Chocolate Garoto\",\"arquivo\":\"Extra - locucao Chocolate Garoto.mp3\",\"genero\":\"zz_locucao_produto\",\"tempo\":3.32},\"preco-real-5\":{\"nome\":\"2 Reais\",\"arquivo\":\"Extra - locucao 2 Reais.mp3\",\"genero\":\"zz_locucao_preco\",\"tempo\":1.25},\"preco-centavos-5\":{\"nome\":\"75 Cent\",\"arquivo\":\"Extra - locucao 75 Cent.mp3\",\"genero\":\"zz_locucao_preco\",\"tempo\":2.09},\"zz_locucao_fechamento\":{\"nome\":\"E o Mais Barato Sempre\",\"arquivo\":\"Extra - locucao E o Mais Barato Sempre.mp3\",\"genero\":\"zz_locucao_fechamento\",\"tempo\":3.89}}\", tempo=51, repeticoes_hora=20, ativo=1, dia_semana=\"1,2,3,4,5,6,7\", data_inicio=\"2014-11-18\", hora_inicio=28800, hora_fim=72000, data_fim=\"2014-12-31\", data_edicao=NOW() WHERE id=8','2014-12-02 12:28:06'),(68,1,'usuarios','u',2,'UPDATE usuarios SET nome=\"teste1\", login=\"teste\", tipo=1, tipo=:tipo WHERE id=2','2014-12-02 12:40:24'),(69,1,'usuarios','u',2,'UPDATE usuarios SET nome=\"teste1\", login=\"teste\", tipo=1 WHERE id=2','2014-12-02 12:44:19'),(70,1,'usuarios','d',2,'UPDATE usuarios SET deletado=1 WHERE id=2','2014-12-02 12:47:28'),(71,1,'locucao','c',11,'INSERT INTO locucao(titulo, sequencia, tempo, repeticoes_hora, ativo, dia_semana, data_inicio, data_fim, hora_inicio, hora_fim, data_criacao, data_edicao) VALUES(\"teste4\", \"{\"zz_locucao_abertura\":{\"nome\":\"Bom Dia\",\"arquivo\":\"Extra - locucao Bom Dia.mp3\",\"genero\":\"zz_locucao_abertura\",\"tempo\":5.95},\"zz_locucao_produto-0\":{\"nome\":\"Enchaguante Bucal\",\"arquivo\":\"Extra - locucao Enchaguante Bucal.mp3\",\"genero\":\"zz_locucao_produto\",\"tempo\":4.75},\"preco-real-0\":{\"nome\":\"2 Reais\",\"arquivo\":\"Extra - locucao 2 Reais.mp3\",\"genero\":\"zz_locucao_preco\",\"tempo\":1.25},\"preco-centavos-0\":{\"nome\":\"85 Cent\",\"arquivo\":\"Extra - locucao 85 Cent.mp3\",\"genero\":\"zz_locucao_preco\",\"tempo\":2.09},\"zz_locucao_fechamento\":{\"nome\":\"Mais Barato Mesmo\",\"arquivo\":\"Extra - locucao Mais Barato Mesmo.mp3\",\"genero\":\"zz_locucao_fechamento\",\"tempo\":3.34}}\", 20, 1, 1, \"1,2,3,4,5,6,7\", \"2014-12-02\", \"2014-12-02\", 72000, 82800, NOW(), NOW())','2014-12-02 12:50:17'),(72,1,'locucao','d',11,'UPDATE locucao SET deletado=1 WHERE id=11','2014-12-02 12:50:54'),(73,1,'locucao','u',6,'UPDATE locucao SET titulo=\"teste 2\", sequencia=\"{\"zz_locucao_abertura\":{\"nome\":\"Boa Tarde\",\"arquivo\":\"Extra - locucao Boa Tarde.mp3\",\"genero\":\"zz_locucao_abertura\",\"tempo\":7},\"zz_locucao_produto-0\":{\"nome\":\"Chocolate Garoto\",\"arquivo\":\"Extra - locucao Chocolate Garoto.mp3\",\"genero\":\"zz_locucao_produto\",\"tempo\":3.32},\"preco-real-0\":{\"nome\":\"3 Reais\",\"arquivo\":\"Extra - locucao 3 Reais.mp3\",\"genero\":\"zz_locucao_preco\",\"tempo\":1.09},\"preco-centavos-0\":{\"nome\":\"80 Cent\",\"arquivo\":\"Extra - locucao 80 Cent.mp3\",\"genero\":\"zz_locucao_preco\",\"tempo\":1.77},\"zz_locucao_produto-1\":{\"nome\":\"Enchaguante Bucal\",\"arquivo\":\"Extra - locucao Enchaguante Bucal.mp3\",\"genero\":\"zz_locucao_produto\",\"tempo\":4.75},\"preco-real-1\":{\"nome\":\"2 Reais\",\"arquivo\":\"Extra - locucao 2 Reais.mp3\",\"genero\":\"zz_locucao_preco\",\"tempo\":1.25},\"preco-centavos-1\":{\"nome\":\"70 Cent\",\"arquivo\":\"Extra - locucao 70 Cent.mp3\",\"genero\":\"zz_locucao_preco\",\"tempo\":1.93},\"zz_locucao_fechamento\":{\"nome\":\"Ofertas Validas Para Hoje\",\"arquivo\":\"Extra - locucao Ofertas Validas Para Hoje.mp3\",\"genero\":\"zz_locucao_fechamento\",\"tempo\":2.77}}\", tempo=26, repeticoes_hora=20, ativo=1, dia_semana=\"1,2,4,5,6,7\", data_inicio=\"2014-11-12\", hora_inicio=28800, hora_fim=72000, data_fim=\"2014-12-31\", data_edicao=NOW() WHERE id=6','2014-12-09 13:41:35'),(74,1,'locucao','u',6,'UPDATE locucao SET titulo=\"teste 2\", sequencia=\"{\"zz_locucao_abertura\":{\"nome\":\"Boa Tarde\",\"arquivo\":\"Extra - locucao Boa Tarde.mp3\",\"genero\":\"zz_locucao_abertura\",\"tempo\":7},\"zz_locucao_produto-0\":{\"nome\":\"Chocolate Garoto\",\"arquivo\":\"Extra - locucao Chocolate Garoto.mp3\",\"genero\":\"zz_locucao_produto\",\"tempo\":3.32},\"preco-real-0\":{\"nome\":\"3 Reais\",\"arquivo\":\"Extra - locucao 3 Reais.mp3\",\"genero\":\"zz_locucao_preco\",\"tempo\":1.09},\"preco-centavos-0\":{\"nome\":\"80 Cent\",\"arquivo\":\"Extra - locucao 80 Cent.mp3\",\"genero\":\"zz_locucao_preco\",\"tempo\":1.77},\"zz_locucao_produto-1\":{\"nome\":\"Enchaguante Bucal\",\"arquivo\":\"Extra - locucao Enchaguante Bucal.mp3\",\"genero\":\"zz_locucao_produto\",\"tempo\":4.75},\"preco-real-1\":{\"nome\":\"2 Reais\",\"arquivo\":\"Extra - locucao 2 Reais.mp3\",\"genero\":\"zz_locucao_preco\",\"tempo\":1.25},\"preco-centavos-1\":{\"nome\":\"70 Cent\",\"arquivo\":\"Extra - locucao 70 Cent.mp3\",\"genero\":\"zz_locucao_preco\",\"tempo\":1.93},\"zz_locucao_fechamento\":{\"nome\":\"Ofertas Validas Para Hoje\",\"arquivo\":\"Extra - locucao Ofertas Validas Para Hoje.mp3\",\"genero\":\"zz_locucao_fechamento\",\"tempo\":2.77}}\", tempo=26, repeticoes_hora=20, ativo=1, dia_semana=\"1,2,3,4,5,6,7\", data_inicio=\"2014-11-12\", hora_inicio=28800, hora_fim=72000, data_fim=\"2014-12-31\", data_edicao=NOW() WHERE id=6','2014-12-09 13:41:49'),(75,1,'locucao','u',6,'UPDATE locucao SET titulo=\"teste 2\", sequencia=\"{\"zz_locucao_abertura\":{\"nome\":\"Boa Tarde\",\"arquivo\":\"Extra - locucao Boa Tarde.mp3\",\"genero\":\"zz_locucao_abertura\",\"tempo\":7},\"zz_locucao_produto-0\":{\"nome\":\"Chocolate Garoto\",\"arquivo\":\"Extra - locucao Chocolate Garoto.mp3\",\"genero\":\"zz_locucao_produto\",\"tempo\":3.32},\"preco-real-0\":{\"nome\":\"3 Reais\",\"arquivo\":\"Extra - locucao 3 Reais.mp3\",\"genero\":\"zz_locucao_preco\",\"tempo\":1.09},\"preco-centavos-0\":{\"nome\":\"80 Cent\",\"arquivo\":\"Extra - locucao 80 Cent.mp3\",\"genero\":\"zz_locucao_preco\",\"tempo\":1.77},\"zz_locucao_produto-1\":{\"nome\":\"Enchaguante Bucal\",\"arquivo\":\"Extra - locucao Enchaguante Bucal.mp3\",\"genero\":\"zz_locucao_produto\",\"tempo\":4.75},\"preco-real-1\":{\"nome\":\"2 Reais\",\"arquivo\":\"Extra - locucao 2 Reais.mp3\",\"genero\":\"zz_locucao_preco\",\"tempo\":1.25},\"preco-centavos-1\":{\"nome\":\"70 Cent\",\"arquivo\":\"Extra - locucao 70 Cent.mp3\",\"genero\":\"zz_locucao_preco\",\"tempo\":1.93},\"zz_locucao_fechamento\":{\"nome\":\"Ofertas Validas Para Hoje\",\"arquivo\":\"Extra - locucao Ofertas Validas Para Hoje.mp3\",\"genero\":\"zz_locucao_fechamento\",\"tempo\":2.77}}\", tempo=26, repeticoes_hora=20, ativo=0, dia_semana=\"1,2,3,4,5,6,7\", data_inicio=\"2014-11-12\", hora_inicio=28800, hora_fim=72000, data_fim=\"2014-12-31\", data_edicao=NOW() WHERE id=6','2014-12-09 13:52:38'),(76,1,'locucao','u',6,'UPDATE locucao SET titulo=\"teste 2\", sequencia=\"{\"zz_locucao_abertura\":{\"nome\":\"Boa Tarde\",\"arquivo\":\"Extra - locucao Boa Tarde.mp3\",\"genero\":\"zz_locucao_abertura\",\"tempo\":7},\"zz_locucao_produto-0\":{\"nome\":\"Chocolate Garoto\",\"arquivo\":\"Extra - locucao Chocolate Garoto.mp3\",\"genero\":\"zz_locucao_produto\",\"tempo\":3.32},\"preco-real-0\":{\"nome\":\"3 Reais\",\"arquivo\":\"Extra - locucao 3 Reais.mp3\",\"genero\":\"zz_locucao_preco\",\"tempo\":1.09},\"preco-centavos-0\":{\"nome\":\"80 Cent\",\"arquivo\":\"Extra - locucao 80 Cent.mp3\",\"genero\":\"zz_locucao_preco\",\"tempo\":1.77},\"zz_locucao_produto-1\":{\"nome\":\"Enchaguante Bucal\",\"arquivo\":\"Extra - locucao Enchaguante Bucal.mp3\",\"genero\":\"zz_locucao_produto\",\"tempo\":4.75},\"preco-real-1\":{\"nome\":\"2 Reais\",\"arquivo\":\"Extra - locucao 2 Reais.mp3\",\"genero\":\"zz_locucao_preco\",\"tempo\":1.25},\"preco-centavos-1\":{\"nome\":\"70 Cent\",\"arquivo\":\"Extra - locucao 70 Cent.mp3\",\"genero\":\"zz_locucao_preco\",\"tempo\":1.93},\"zz_locucao_fechamento\":{\"nome\":\"Ofertas Validas Para Hoje\",\"arquivo\":\"Extra - locucao Ofertas Validas Para Hoje.mp3\",\"genero\":\"zz_locucao_fechamento\",\"tempo\":2.77}}\", tempo=26, repeticoes_hora=20, ativo=0, dia_semana=\"1,2,3,4,5,6,7\", data_inicio=\"2014-11-13\", hora_inicio=28800, hora_fim=72000, data_fim=\"2014-12-31\", data_edicao=NOW() WHERE id=6','2014-12-10 19:28:29'),(77,1,'locucao','u',6,'UPDATE locucao SET titulo=\"teste 2\", sequencia=\"{\"zz_locucao_abertura\":{\"nome\":\"Boa Tarde\",\"arquivo\":\"Extra - locucao Boa Tarde.mp3\",\"genero\":\"zz_locucao_abertura\",\"tempo\":7},\"zz_locucao_produto-0\":{\"nome\":\"Chocolate Garoto\",\"arquivo\":\"Extra - locucao Chocolate Garoto.mp3\",\"genero\":\"zz_locucao_produto\",\"tempo\":3.32},\"preco-real-0\":{\"nome\":\"3 Reais\",\"arquivo\":\"Extra - locucao 3 Reais.mp3\",\"genero\":\"zz_locucao_preco\",\"tempo\":1.09},\"preco-centavos-0\":{\"nome\":\"80 Cent\",\"arquivo\":\"Extra - locucao 80 Cent.mp3\",\"genero\":\"zz_locucao_preco\",\"tempo\":1.77},\"zz_locucao_produto-1\":{\"nome\":\"Enchaguante Bucal\",\"arquivo\":\"Extra - locucao Enchaguante Bucal.mp3\",\"genero\":\"zz_locucao_produto\",\"tempo\":4.75},\"preco-real-1\":{\"nome\":\"2 Reais\",\"arquivo\":\"Extra - locucao 2 Reais.mp3\",\"genero\":\"zz_locucao_preco\",\"tempo\":1.25},\"preco-centavos-1\":{\"nome\":\"70 Cent\",\"arquivo\":\"Extra - locucao 70 Cent.mp3\",\"genero\":\"zz_locucao_preco\",\"tempo\":1.93},\"zz_locucao_fechamento\":{\"nome\":\"Ofertas Validas Para Hoje\",\"arquivo\":\"Extra - locucao Ofertas Validas Para Hoje.mp3\",\"genero\":\"zz_locucao_fechamento\",\"tempo\":2.77}}\", tempo=26, repeticoes_hora=20, ativo=0, dia_semana=\"1,2,3,4,5,6,7\", data_inicio=\"2014-12-13\", hora_inicio=28800, hora_fim=72000, data_fim=\"2014-12-31\", data_edicao=NOW() WHERE id=6','2014-12-10 19:28:59');
/*!40000 ALTER TABLE `log` ENABLE KEYS */;
UNLOCK TABLES;

--
-- Table structure for table `programacao`
--

DROP TABLE IF EXISTS `programacao`;
/*!40101 SET @saved_cs_client     = @@character_set_client */;
/*!40101 SET character_set_client = utf8 */;
CREATE TABLE `programacao` (
  `locucao_id` int(11) DEFAULT NULL,
  `arquivo` varchar(100) DEFAULT NULL,
  `inicio` int(6) NOT NULL,
  `tempo` int(11) NOT NULL,
  `data` timestamp NOT NULL DEFAULT CURRENT_TIMESTAMP
) ENGINE=InnoDB DEFAULT CHARSET=utf8;
/*!40101 SET character_set_client = @saved_cs_client */;

--
-- Dumping data for table `programacao`
--

LOCK TABLES `programacao` WRITE;
/*!40000 ALTER TABLE `programacao` DISABLE KEYS */;
INSERT INTO `programacao` VALUES (8,NULL,63566,51,'2014-12-04 19:39:24'),(10,NULL,63617,25,'2014-12-04 19:39:24'),(6,NULL,63720,26,'2014-12-04 19:39:24'),(8,NULL,63746,51,'2014-12-04 19:39:24'),(10,NULL,63797,25,'2014-12-04 19:39:24'),(6,NULL,63900,26,'2014-12-04 19:39:24'),(8,NULL,63926,51,'2014-12-04 19:39:24'),(10,NULL,63977,25,'2014-12-04 19:39:24'),(6,NULL,64080,26,'2014-12-04 19:39:25'),(8,NULL,64106,51,'2014-12-04 19:39:25'),(10,NULL,64157,25,'2014-12-04 19:39:25'),(6,NULL,64260,26,'2014-12-04 19:39:25'),(8,NULL,64286,51,'2014-12-04 19:39:25'),(10,NULL,64337,25,'2014-12-04 19:39:25'),(6,NULL,64440,26,'2014-12-04 19:39:25'),(8,NULL,64466,51,'2014-12-04 19:39:25'),(10,NULL,64517,25,'2014-12-04 19:39:25'),(6,NULL,64620,26,'2014-12-04 19:39:26'),(8,NULL,64646,51,'2014-12-04 19:39:26'),(10,NULL,64697,25,'2014-12-04 19:39:26'),(NULL,'Extra - Jingle Ecad 1800 hs.mp3',64800,46,'2014-12-04 19:39:26'),(6,NULL,64846,26,'2014-12-04 19:39:26'),(8,NULL,64872,51,'2014-12-04 19:39:26'),(10,NULL,64923,25,'2014-12-04 19:39:27'),(6,NULL,64980,26,'2014-12-04 19:39:27'),(8,NULL,65006,51,'2014-12-04 19:39:27'),(10,NULL,65057,25,'2014-12-04 19:39:27'),(6,NULL,65160,26,'2014-12-04 19:39:27'),(8,NULL,65186,51,'2014-12-04 19:39:27'),(10,NULL,65237,25,'2014-12-04 19:39:27'),(6,NULL,65340,26,'2014-12-04 19:39:27'),(8,NULL,65366,51,'2014-12-04 19:39:27'),(10,NULL,65417,25,'2014-12-04 19:39:27'),(6,NULL,65520,26,'2014-12-04 19:39:28'),(8,NULL,65546,51,'2014-12-04 19:39:28'),(10,NULL,65597,25,'2014-12-04 19:39:28'),(6,NULL,65700,26,'2014-12-04 19:39:28'),(8,NULL,65726,51,'2014-12-04 19:39:28'),(10,NULL,65777,25,'2014-12-04 19:39:28'),(6,NULL,65880,26,'2014-12-04 19:39:28'),(8,NULL,65906,51,'2014-12-04 19:39:28'),(10,NULL,65957,25,'2014-12-04 19:39:28'),(6,NULL,66060,26,'2014-12-04 19:39:28'),(8,NULL,66086,51,'2014-12-04 19:39:28'),(10,NULL,66137,25,'2014-12-04 19:39:28'),(6,NULL,66240,26,'2014-12-04 19:39:28'),(8,NULL,66266,51,'2014-12-04 19:39:28'),(10,NULL,66317,25,'2014-12-04 19:39:28'),(6,NULL,66420,26,'2014-12-04 19:39:28'),(8,NULL,66446,51,'2014-12-04 19:39:28'),(10,NULL,66497,25,'2014-12-04 19:39:28'),(6,NULL,66600,26,'2014-12-04 19:39:28'),(8,NULL,66626,51,'2014-12-04 19:39:28'),(10,NULL,66677,25,'2014-12-04 19:39:28'),(6,NULL,66780,26,'2014-12-04 19:39:28'),(8,NULL,66806,51,'2014-12-04 19:39:28'),(10,NULL,66857,25,'2014-12-04 19:39:28'),(6,NULL,66960,26,'2014-12-04 19:39:28'),(8,NULL,66986,51,'2014-12-04 19:39:28'),(10,NULL,67037,25,'2014-12-04 19:39:28'),(6,NULL,67140,26,'2014-12-04 19:39:28'),(8,NULL,67166,51,'2014-12-04 19:39:28'),(10,NULL,67217,25,'2014-12-04 19:39:28'),(6,NULL,67320,26,'2014-12-04 19:39:28'),(8,NULL,67346,51,'2014-12-04 19:39:28'),(10,NULL,67397,25,'2014-12-04 19:39:28'),(6,NULL,67500,26,'2014-12-04 19:39:28'),(8,NULL,67526,51,'2014-12-04 19:39:28'),(10,NULL,67577,25,'2014-12-04 19:39:28'),(6,NULL,67680,26,'2014-12-04 19:39:28'),(8,NULL,67706,51,'2014-12-04 19:39:28'),(10,NULL,67757,25,'2014-12-04 19:39:28'),(6,NULL,67860,26,'2014-12-04 19:39:28'),(8,NULL,67886,51,'2014-12-04 19:39:28'),(10,NULL,67937,25,'2014-12-04 19:39:28'),(6,NULL,68040,26,'2014-12-04 19:39:28'),(8,NULL,68066,51,'2014-12-04 19:39:28'),(10,NULL,68117,25,'2014-12-04 19:39:28'),(6,NULL,68220,26,'2014-12-04 19:39:28'),(8,NULL,68246,51,'2014-12-04 19:39:28'),(10,NULL,68297,25,'2014-12-04 19:39:28'),(6,NULL,68400,26,'2014-12-04 19:39:28'),(8,NULL,68426,51,'2014-12-04 19:39:28'),(10,NULL,68477,25,'2014-12-04 19:39:28'),(6,NULL,68580,26,'2014-12-04 19:39:28'),(8,NULL,68606,51,'2014-12-04 19:39:28'),(10,NULL,68657,25,'2014-12-04 19:39:29'),(6,NULL,68760,26,'2014-12-04 19:39:29'),(8,NULL,68786,51,'2014-12-04 19:39:29'),(10,NULL,68837,25,'2014-12-04 19:39:29'),(6,NULL,68940,26,'2014-12-04 19:39:29'),(8,NULL,68966,51,'2014-12-04 19:39:29'),(10,NULL,69017,25,'2014-12-04 19:39:29'),(6,NULL,69120,26,'2014-12-04 19:39:29'),(8,NULL,69146,51,'2014-12-04 19:39:29'),(10,NULL,69197,25,'2014-12-04 19:39:29'),(6,NULL,69300,26,'2014-12-04 19:39:30'),(8,NULL,69326,51,'2014-12-04 19:39:30'),(10,NULL,69377,25,'2014-12-04 19:39:30'),(6,NULL,69480,26,'2014-12-04 19:39:30'),(8,NULL,69506,51,'2014-12-04 19:39:30'),(10,NULL,69557,25,'2014-12-04 19:39:30'),(6,NULL,69660,26,'2014-12-04 19:39:30'),(8,NULL,69686,51,'2014-12-04 19:39:30'),(10,NULL,69737,25,'2014-12-04 19:39:30'),(6,NULL,69840,26,'2014-12-04 19:39:30'),(8,NULL,69866,51,'2014-12-04 19:39:31'),(10,NULL,69917,25,'2014-12-04 19:39:31'),(6,NULL,70020,26,'2014-12-04 19:39:31'),(8,NULL,70046,51,'2014-12-04 19:39:31'),(10,NULL,70097,25,'2014-12-04 19:39:31'),(6,NULL,70200,26,'2014-12-04 19:39:31');
/*!40000 ALTER TABLE `programacao` ENABLE KEYS */;
UNLOCK TABLES;

--
-- Table structure for table `usuarios`
--

DROP TABLE IF EXISTS `usuarios`;
/*!40101 SET @saved_cs_client     = @@character_set_client */;
/*!40101 SET character_set_client = utf8 */;
CREATE TABLE `usuarios` (
  `id` int(11) NOT NULL AUTO_INCREMENT,
  `nome` varchar(255) NOT NULL,
  `login` varchar(255) NOT NULL,
  `senha` varchar(40) NOT NULL,
  `tipo` int(1) NOT NULL DEFAULT '1' COMMENT '0=admin, 1=user',
  `deletado` tinyint(1) NOT NULL DEFAULT '0',
  PRIMARY KEY (`id`)
) ENGINE=InnoDB AUTO_INCREMENT=3 DEFAULT CHARSET=utf8;
/*!40101 SET character_set_client = @saved_cs_client */;

--
-- Dumping data for table `usuarios`
--

LOCK TABLES `usuarios` WRITE;
/*!40000 ALTER TABLE `usuarios` DISABLE KEYS */;
INSERT INTO `usuarios` VALUES (1,'admin','admin','1fdb5b5ee342bbfeed7b043e1a9f0622abb9e0a4',0,0),(2,'teste1','teste','1fdb5b5ee342bbfeed7b043e1a9f0622abb9e0a4',1,1);
/*!40000 ALTER TABLE `usuarios` ENABLE KEYS */;
UNLOCK TABLES;
/*!40103 SET TIME_ZONE=@OLD_TIME_ZONE */;

/*!40101 SET SQL_MODE=@OLD_SQL_MODE */;
/*!40014 SET FOREIGN_KEY_CHECKS=@OLD_FOREIGN_KEY_CHECKS */;
/*!40014 SET UNIQUE_CHECKS=@OLD_UNIQUE_CHECKS */;
/*!40101 SET CHARACTER_SET_CLIENT=@OLD_CHARACTER_SET_CLIENT */;
/*!40101 SET CHARACTER_SET_RESULTS=@OLD_CHARACTER_SET_RESULTS */;
/*!40101 SET COLLATION_CONNECTION=@OLD_COLLATION_CONNECTION */;
/*!40111 SET SQL_NOTES=@OLD_SQL_NOTES */;

-- Dump completed on 2014-12-10 17:54:27
